{"cameraMode":{"drawMode":0,"name":"Shaded","section":"Shading Mode"},"sceneLighting":false,"audioPlay":false,"sceneViewState":{"showFog":true,"showMaterialUpdate":false,"showSkybox":false,"showFlares":true,"showImageEffects":true,"showParticleSystems":true},"in2DMode":false,"pivot":{"x":-2.354753255844116,"y":-11.318294525146485,"z":4.322272300720215},"rotation":{"x":0.6844860911369324,"y":-0.10679370164871216,"z":0.10239998996257782,"w":0.7138553261756897},"size":70.35172271728516,"orthographic":false}